{
	"description": "项目配置文件",
	"packOptions": {
		"ignore": []
	},
	"setting": {
		"urlCheck": true,
		"scopeDataCheck": false,
		"coverView": true,
		"es6": true,
		"postcss": true,
		"compileHotReLoad": false,
		"preloadBackgroundData": false,
		"minified": true,
		"autoAudits": false,
		"newFeature": false,
		"uglifyFileName": false,
		"uploadWithSourceMap": true,
		"useIsolateContext": true,
		"nodeModules": false,
		"enhance": false,
		"useCompilerModule": false,
		"userConfirmedUseCompilerModuleSwitch": false,
		"showShadowRootInWxmlPanel": true
	},
	"compileType": "miniprogram",
	"libVersion": "2.12.2",
	"appid": "wx0bd5510ad1c66915",
	"projectname": "%E4%BB%85%E6%B5%8B%E8%AF%95%E5%9B%BD%E5%AF%86%E7%AE%97%E6%B3%95%E5%B0%8F%E7%A8%8B%E5%BA%8F",
	"debugOptions": {
		"hidedInDevtools": []
	},
	"scripts": {},
	"isGameTourist": false,
	"simulatorType": "wechat",
	"simulatorPluginLibVersion": {},
	"condition": {
		"search": {
			"current": -1,
			"list": []
		},
		"conversation": {
			"current": -1,
			"list": []
		},
		"game": {
			"current": -1,
			"list": []
		},
		"plugin": {
			"current": -1,
			"list": []
		},
		"gamePlugin": {
			"current": -1,
			"list": []
		},
		"miniprogram": {
			"current": -1,
			"list": []
		}
	}
}